dept,mun
Aguascalientes,Aguascalientes
Aguascalientes,Asientos
Aguascalientes,Calvillo
Aguascalientes,Cosío
Aguascalientes,Jesús María
Aguascalientes,Pabellón de Arteaga
Aguascalientes,Rincón de Romos
Aguascalientes,San José de Gracia
Aguascalientes,Tepezalá
Aguascalientes,El Llano
Aguascalientes,San Francisco de los Romo
Baja California,Ensenada
Baja California,Mexicali
Baja California,Tecate
Baja California,Tijuana
Baja California,Playas de Rosarito
Baja California,San Quintín
Baja California,San Felipe
Baja California Sur,Comondú
Baja California Sur,Mulegé
Baja California Sur,La Paz
Baja California Sur,Los Cabos
Baja California Sur,Loreto
Campeche,Calkiní
Campeche,Campeche
Campeche,Carmen
Campeche,Champotón
Campeche,Hecelchakán
Campeche,Hopelchén
Campeche,Palizada
Campeche,Tenabo
Campeche,Escárcega
Campeche,Calakmul
Campeche,Candelaria
Campeche,Seybaplaya
Campeche,Dzitbalché
Coahuila,Abasolo
Coahuila,Acuña
Coahuila,Allende
Coahuila,Arteaga
Coahuila,Candela
Coahuila,Castaños
Coahuila,Cuatro Ciénegas
Coahuila,Escobedo
Coahuila,Francisco I. Madero
Coahuila,Frontera
Coahuila,General Cepeda
Coahuila,Guerrero
Coahuila,Hidalgo
Coahuila,Jiménez
Coahuila,Juárez
Coahuila,Lamadrid
Coahuila,Matamoros
Coahuila,Monclova
Coahuila,Morelos
Coahuila,Múzquiz
Coahuila,Nadadores
Coahuila,Nava
Coahuila,Ocampo
Coahuila,Parras
Coahuila,Piedras Negras
Coahuila,Progreso
Coahuila,Ramos Arizpe
Coahuila,Sabinas
Coahuila,Sacramento
Coahuila,Saltillo
Coahuila,San Buenaventura
Coahuila,San Juan de Sabinas
Coahuila,San Pedro
Coahuila,Sierra Mojada
Coahuila,Torreón
Coahuila,Viesca
Coahuila,Villa Unión
Coahuila,Zaragoza
Colima,Armería
Colima,Colima
Colima,Comala
Colima,Coquimatlán
Colima,Cuauhtémoc
Colima,Ixtlahuacán
Colima,Manzanillo
Colima,Minatitlán
Colima,Tecomán
Colima,Villa de Álvarez
Chiapas,Acacoyagua
Chiapas,Acala
Chiapas,Acapetahua
Chiapas,Altamirano
Chiapas,Amatán
Chiapas,Amatenango de la Frontera
Chiapas,Amatenango del Valle
Chiapas,Ángel Albino Corzo
Chiapas,Arriaga
Chiapas,Bejucal de Ocampo
Chiapas,Bella Vista
Chiapas,Berriozábal
Chiapas,Bochil
Chiapas,El Bosque
Chiapas,Cacahoatán
Chiapas,Catazajá
Chiapas,Cintalapa de Figueroa
Chiapas,Coapilla
Chiapas,Comitán de Domínguez
Chiapas,La Concordia
Chiapas,Copainalá
Chiapas,Chalchihuitán
Chiapas,Chamula
Chiapas,Chanal
Chiapas,Chapultenango
Chiapas,Chenalhó
Chiapas,Chiapa de Corzo
Chiapas,Chiapilla
Chiapas,Chicoasén
Chiapas,Chicomuselo
Chiapas,Chilón
Chiapas,Escuintla
Chiapas,Francisco León
Chiapas,Frontera Comalapa
Chiapas,Frontera Hidalgo
Chiapas,La Grandeza
Chiapas,Huehuetán
Chiapas,Huixtán
Chiapas,Huitiupán
Chiapas,Huixtla
Chiapas,La Independencia
Chiapas,Ixhuatán
Chiapas,Ixtacomitán
Chiapas,Ixtapa
Chiapas,Ixtapangajoya
Chiapas,Jiquipilas
Chiapas,Jitotol
Chiapas,Larráinzar
Chiapas,La Libertad
Chiapas,Mapastepec
Chiapas,Las Margaritas
Chiapas,Mazapa de Madero
Chiapas,Mazatán
Chiapas,Metapa
Chiapas,Mitontic
Chiapas,Motozintla
Chiapas,Nicolás Ruíz
Chiapas,Ocosingo
Chiapas,Ocotepec
Chiapas,Ocozocoautla de Espinosa
Chiapas,Ostuacán
Chiapas,Osumacinta
Chiapas,Oxchuc
Chiapas,Palenque
Chiapas,Pantelhó
Chiapas,Pantepec
Chiapas,Pichucalco
Chiapas,Pijijiapan
Chiapas,El Porvenir
Chiapas,Villa Comaltitlán
Chiapas,Pueblo Nuevo Solistahuacán
Chiapas,Rayón
Chiapas,Reforma
Chiapas,Las Rosas
Chiapas,Sabanilla
Chiapas,Salto de Agua
Chiapas,San Cristóbal de las Casas
Chiapas,San Fernando
Chiapas,Siltepec
Chiapas,Simojovel
Chiapas,Sitalá
Chiapas,Socoltenango
Chiapas,Solosuchiapa
Chiapas,Soyaló
Chiapas,Suchiapa
Chiapas,Suchiate
Chiapas,Sunuapa
Chiapas,Tapachula
Chiapas,Tapalapa
Chiapas,Tapilula
Chiapas,Tecpatán
Chiapas,Tenejapa
Chiapas,Teopisca
Chiapas,Tila
Chiapas,Tonalá
Chiapas,Totolapa
Chiapas,La Trinitaria
Chiapas,Tumbalá
Chiapas,Tuxtla Gutiérrez
Chiapas,Tuxtla Chico
Chiapas,Tuzantán
Chiapas,Tzimol
Chiapas,Unión Juárez
Chiapas,Venustiano Carranza
Chiapas,Villa Corzo
Chiapas,Villaflores
Chiapas,Yajalón
Chiapas,San Lucas
Chiapas,Zinacantán
Chiapas,San Juan Cancuc
Chiapas,Aldama
Chiapas,Benemérito de las Américas
Chiapas,Maravilla Tenejapa
Chiapas,Marqués de Comillas
Chiapas,Montecristo de Guerrero
Chiapas,San Andrés Duraznal
Chiapas,Santiago el Pinar
Chiapas,Capitán Luis Ángel Vidal
Chiapas,Rincón Chamula San Pedro
Chiapas,El Parral
Chiapas,Emiliano Zapata
Chiapas,Mezcalapa
Chiapas,Honduras de la Sierra
Chihuahua,Ahumada
Chihuahua,Aquiles Serdán
Chihuahua,Ascensión
Chihuahua,Bachíniva
Chihuahua,Balleza
Chihuahua,Batopilas de Manuel Gómez Morín
Chihuahua,Bocoyna
Chihuahua,Buenaventura
Chihuahua,Camargo
Chihuahua,Carichí
Chihuahua,Casas Grandes
Chihuahua,Coronado
Chihuahua,Coyame del Sotol
Chihuahua,La Cruz
Chihuahua,Cusihuiriachi
Chihuahua,Chihuahua
Chihuahua,Chínipas
Chihuahua,Delicias
Chihuahua,Dr. Belisario Domínguez
Chihuahua,Galeana
Chihuahua,Santa Isabel
Chihuahua,Gómez Farías
Chihuahua,Gran Morelos
Chihuahua,Guachochi
Chihuahua,Guadalupe
Chihuahua,Guadalupe y Calvo
Chihuahua,Guazapares
Chihuahua,Hidalgo del Parral
Chihuahua,Huejotitán
Chihuahua,Ignacio Zaragoza
Chihuahua,Janos
Chihuahua,Julimes
Chihuahua,López
Chihuahua,Madera
Chihuahua,Maguarichi
Chihuahua,Manuel Benavides
Chihuahua,Matachí
Chihuahua,Meoqui
Chihuahua,Moris
Chihuahua,Namiquipa
Chihuahua,Nonoava
Chihuahua,Nuevo Casas Grandes
Chihuahua,Ojinaga
Chihuahua,Praxedis G. Guerrero
Chihuahua,Riva Palacio
Chihuahua,Rosales
Chihuahua,Rosario
Chihuahua,San Francisco de Borja
Chihuahua,San Francisco de Conchos
Chihuahua,San Francisco del Oro
Chihuahua,Santa Bárbara
Chihuahua,Satevó
Chihuahua,Saucillo
Chihuahua,Temósachic
Chihuahua,El Tule
Chihuahua,Urique
Chihuahua,Uruachi
Chihuahua,Valle de Zaragoza
Ciudad de México,Azcapotzalco
Ciudad de México,Coyoacán
Ciudad de México,Cuajimalpa de Morelos
Ciudad de México,Gustavo A. Madero
Ciudad de México,Iztacalco
Ciudad de México,Iztapalapa
Ciudad de México,La Magdalena Contreras
Ciudad de México,Milpa Alta
Ciudad de México,Álvaro Obregón
Ciudad de México,Tláhuac
Ciudad de México,Tlalpan
Ciudad de México,Xochimilco
Ciudad de México,Benito Juárez
Ciudad de México,Miguel Hidalgo
Durango,Canatlán
Durango,Canelas
Durango,Coneto de Comonfort
Durango,Cuencamé
Durango,Durango
Durango,General Simón Bolívar
Durango,Gómez Palacio
Durango,Guadalupe Victoria
Durango,Guanaceví
Durango,Indé
Durango,Lerdo
Durango,Mapimí
Durango,Mezquital
Durango,Nazas
Durango,Nombre de Dios
Durango,El Oro
Durango,Otáez
Durango,Pánuco de Coronado
Durango,Peñón Blanco
Durango,Poanas
Durango,Pueblo Nuevo
Durango,Rodeo
Durango,San Bernardo
Durango,San Dimas
Durango,San Juan de Guadalupe
Durango,San Juan del Río
Durango,San Luis del Cordero
Durango,San Pedro del Gallo
Durango,Santa Clara
Durango,Santiago Papasquiaro
Durango,Súchil
Durango,Tamazula
Durango,Tepehuanes
Durango,Tlahualilo
Durango,Topia
Durango,Vicente Guerrero
Durango,Nuevo Ideal
Guanajuato,Acámbaro
Guanajuato,San Miguel de Allende
Guanajuato,Apaseo el Alto
Guanajuato,Apaseo el Grande
Guanajuato,Atarjea
Guanajuato,Celaya
Guanajuato,Manuel Doblado
Guanajuato,Comonfort
Guanajuato,Coroneo
Guanajuato,Cortazar
Guanajuato,Cuerámaro
Guanajuato,Doctor Mora
Guanajuato,Dolores Hidalgo Cuna de la Independencia Nacional
Guanajuato,Guanajuato
Guanajuato,Huanímaro
Guanajuato,Irapuato
Guanajuato,Jaral del Progreso
Guanajuato,Jerécuaro
Guanajuato,León
Guanajuato,Moroleón
Guanajuato,Pénjamo
Guanajuato,Purísima del Rincón
Guanajuato,Romita
Guanajuato,Salamanca
Guanajuato,Salvatierra
Guanajuato,San Diego de la Unión
Guanajuato,San Francisco del Rincón
Guanajuato,San José Iturbide
Guanajuato,San Luis de la Paz
Guanajuato,Santa Catarina
Guanajuato,Santa Cruz de Juventino Rosas
Guanajuato,Santiago Maravatío
Guanajuato,Silao de la Victoria
Guanajuato,Tarandacuao
Guanajuato,Tarimoro
Guanajuato,Tierra Blanca
Guanajuato,Uriangato
Guanajuato,Valle de Santiago
Guanajuato,Victoria
Guanajuato,Villagrán
Guanajuato,Xichú
Guanajuato,Yuriria
Guerrero,Acapulco de Juárez
Guerrero,Ahuacuotzingo
Guerrero,Ajuchitlán del Progreso
Guerrero,Alcozauca de Guerrero
Guerrero,Alpoyeca
Guerrero,Apaxtla
Guerrero,Arcelia
Guerrero,Atenango del Río
Guerrero,Atlamajalcingo del Monte
Guerrero,Atlixtac
Guerrero,Atoyac de Álvarez
Guerrero,Ayutla de los Libres
Guerrero,Azoyú
Guerrero,Buenavista de Cuéllar
Guerrero,Coahuayutla de José María Izazaga
Guerrero,Cocula
Guerrero,Copala
Guerrero,Copalillo
Guerrero,Copanatoyac
Guerrero,Coyuca de Benítez
Guerrero,Coyuca de Catalán
Guerrero,Cuajinicuilapa
Guerrero,Cualác
Guerrero,Cuautepec
Guerrero,Cuetzala del Progreso
Guerrero,Cutzamala de Pinzón
Guerrero,Chilapa de Álvarez
Guerrero,Chilpancingo de los Bravo
Guerrero,Florencio Villarreal
Guerrero,General Canuto A. Neri
Guerrero,General Heliodoro Castillo
Guerrero,Huamuxtitlán
Guerrero,Huitzuco de los Figueroa
Guerrero,Iguala de la Independencia
Guerrero,Igualapa
Guerrero,Ixcateopan de Cuauhtémoc
Guerrero,Zihuatanejo de Azueta
Guerrero,Juan R. Escudero
Guerrero,Leonardo Bravo
Guerrero,Malinaltepec
Guerrero,Mártir de Cuilapan
Guerrero,Metlatónoc
Guerrero,Mochitlán
Guerrero,Olinalá
Guerrero,Ometepec
Guerrero,Pedro Ascencio Alquisiras
Guerrero,Petatlán
Guerrero,Pilcaya
Guerrero,Pungarabato
Guerrero,Quechultenango
Guerrero,San Luis Acatlán
Guerrero,San Marcos
Guerrero,San Miguel Totolapan
Guerrero,Taxco de Alarcón
Guerrero,Tecoanapa
Guerrero,Técpan de Galeana
Guerrero,Teloloapan
Guerrero,Tepecoacuilco de Trujano
Guerrero,Tetipac
Guerrero,Tixtla de Guerrero
Guerrero,Tlacoachistlahuaca
Guerrero,Tlacoapa
Guerrero,Tlalchapa
Guerrero,Tlalixtaquilla de Maldonado
Guerrero,Tlapa de Comonfort
Guerrero,Tlapehuala
Guerrero,La Unión de Isidoro Montes de Oca
Guerrero,Xalpatláhuac
Guerrero,Xochihuehuetlán
Guerrero,Xochistlahuaca
Guerrero,Zapotitlán Tablas
Guerrero,Zirándaro
Guerrero,Zitlala
Guerrero,Eduardo Neri
Guerrero,Acatepec
Guerrero,Marquelia
Guerrero,Cochoapa el Grande
Guerrero,José Joaquín de Herrera
Guerrero,Juchitán
Guerrero,Iliatenco
Guerrero,Las Vigas
Guerrero,Ñuu Savi
Guerrero,Santa Cruz del Rincón
Guerrero,San Nicolás
Hidalgo,Acatlán
Hidalgo,Acaxochitlán
Hidalgo,Actopan
Hidalgo,Agua Blanca de Iturbide
Hidalgo,Ajacuba
Hidalgo,Alfajayucan
Hidalgo,Almoloya
Hidalgo,Apan
Hidalgo,El Arenal
Hidalgo,Atitalaquia
Hidalgo,Atlapexco
Hidalgo,Atotonilco el Grande
Hidalgo,Atotonilco de Tula
Hidalgo,Calnali
Hidalgo,Cardonal
Hidalgo,Cuautepec de Hinojosa
Hidalgo,Chapantongo
Hidalgo,Chapulhuacán
Hidalgo,Chilcuautla
Hidalgo,Eloxochitlán
Hidalgo,Epazoyucan
Hidalgo,Huasca de Ocampo
Hidalgo,Huautla
Hidalgo,Huazalingo
Hidalgo,Huehuetla
Hidalgo,Huejutla de Reyes
Hidalgo,Huichapan
Hidalgo,Ixmiquilpan
Hidalgo,Jacala de Ledezma
Hidalgo,Jaltocán
Hidalgo,Juárez Hidalgo
Hidalgo,Lolotla
Hidalgo,Metepec
Hidalgo,San Agustín Metzquititlán
Hidalgo,Metztitlán
Hidalgo,Mineral del Chico
Hidalgo,Mineral del Monte
Hidalgo,La Misión
Hidalgo,Mixquiahuala de Juárez
Hidalgo,Molango de Escamilla
Hidalgo,Nicolás Flores
Hidalgo,Nopala de Villagrán
Hidalgo,Omitlán de Juárez
Hidalgo,San Felipe Orizatlán
Hidalgo,Pacula
Hidalgo,Pachuca de Soto
Hidalgo,Pisaflores
Hidalgo,Progreso de Obregón
Hidalgo,Mineral de la Reforma
Hidalgo,San Agustín Tlaxiaca
Hidalgo,San Bartolo Tutotepec
Hidalgo,San Salvador
Hidalgo,Santiago de Anaya
Hidalgo,Santiago Tulantepec de Lugo Guerrero
Hidalgo,Singuilucan
Hidalgo,Tasquillo
Hidalgo,Tecozautla
Hidalgo,Tenango de Doria
Hidalgo,Tepeapulco
Hidalgo,Tepehuacán de Guerrero
Hidalgo,Tepeji del Río de Ocampo
Hidalgo,Tepetitlán
Hidalgo,Tetepango
Hidalgo,Villa de Tezontepec
Hidalgo,Tezontepec de Aldama
Hidalgo,Tianguistengo
Hidalgo,Tizayuca
Hidalgo,Tlahuelilpan
Hidalgo,Tlahuiltepa
Hidalgo,Tlanalapa
Hidalgo,Tlanchinol
Hidalgo,Tlaxcoapan
Hidalgo,Tolcayuca
Hidalgo,Tula de Allende
Hidalgo,Tulancingo de Bravo
Hidalgo,Xochiatipan
Hidalgo,Xochicoatlán
Hidalgo,Yahualica
Hidalgo,Zacualtipán de Ángeles
Hidalgo,Zapotlán de Juárez
Hidalgo,Zempoala
Hidalgo,Zimapán
Jalisco,Acatic
Jalisco,Acatlán de Juárez
Jalisco,Ahualulco de Mercado
Jalisco,Amacueca
Jalisco,Amatitán
Jalisco,Ameca
Jalisco,San Juanito de Escobedo
Jalisco,Arandas
Jalisco,Atemajac de Brizuela
Jalisco,Atengo
Jalisco,Atenguillo
Jalisco,Atotonilco el Alto
Jalisco,Atoyac
Jalisco,Autlán de Navarro
Jalisco,Ayotlán
Jalisco,Ayutla
Jalisco,La Barca
Jalisco,Bolaños
Jalisco,Cabo Corrientes
Jalisco,Casimiro Castillo
Jalisco,Cihuatlán
Jalisco,Zapotlán el Grande
Jalisco,Colotlán
Jalisco,Concepción de Buenos Aires
Jalisco,Cuautitlán de García Barragán
Jalisco,Cuautla
Jalisco,Cuquío
Jalisco,Chapala
Jalisco,Chimaltitán
Jalisco,Chiquilistlán
Jalisco,Degollado
Jalisco,Ejutla
Jalisco,Encarnación de Díaz
Jalisco,Etzatlán
Jalisco,El Grullo
Jalisco,Guachinango
Jalisco,Guadalajara
Jalisco,Hostotipaquillo
Jalisco,Huejúcar
Jalisco,Huejuquilla el Alto
Jalisco,La Huerta
Jalisco,Ixtlahuacán de los Membrillos
Jalisco,Ixtlahuacán del Río
Jalisco,Jalostotitlán
Jalisco,Jamay
Jalisco,Jilotlán de los Dolores
Jalisco,Jocotepec
Jalisco,Juanacatlán
Jalisco,Juchitlán
Jalisco,Lagos de Moreno
Jalisco,El Limón
Jalisco,Magdalena
Jalisco,Santa María del Oro
Jalisco,La Manzanilla de la Paz
Jalisco,Mascota
Jalisco,Mazamitla
Jalisco,Mexticacán
Jalisco,Mezquitic
Jalisco,Mixtlán
Jalisco,Ocotlán
Jalisco,Ojuelos de Jalisco
Jalisco,Pihuamo
Jalisco,Poncitlán
Jalisco,Puerto Vallarta
Jalisco,Villa Purificación
Jalisco,Quitupan
Jalisco,El Salto
Jalisco,San Cristóbal de la Barranca
Jalisco,San Diego de Alejandría
Jalisco,San Juan de los Lagos
Jalisco,San Julián
Jalisco,San Martín de Bolaños
Jalisco,San Martín Hidalgo
Jalisco,San Miguel el Alto
Jalisco,San Sebastián del Oeste
Jalisco,Santa María de los Ángeles
Jalisco,Sayula
Jalisco,Tala
Jalisco,Talpa de Allende
Jalisco,Tamazula de Gordiano
Jalisco,Tapalpa
Jalisco,Tecalitlán
Jalisco,Tecolotlán
Jalisco,Techaluta de Montenegro
Jalisco,Tenamaxtlán
Jalisco,Teocaltiche
Jalisco,Teocuitatlán de Corona
Jalisco,Tepatitlán de Morelos
Jalisco,Tequila
Jalisco,Teuchitlán
Jalisco,Tizapán el Alto
Jalisco,Tlajomulco de Zúñiga
Jalisco,San Pedro Tlaquepaque
Jalisco,Tolimán
Jalisco,Tomatlán
Jalisco,Tonaya
Jalisco,Tonila
Jalisco,Totatiche
Jalisco,Tototlán
Jalisco,Tuxcacuesco
Jalisco,Tuxcueca
Jalisco,Tuxpan
Jalisco,Unión de San Antonio
Jalisco,Unión de Tula
Jalisco,Valle de Guadalupe
Jalisco,Valle de Juárez
Jalisco,San Gabriel
Jalisco,Villa Corona
Jalisco,Villa Guerrero
Jalisco,Villa Hidalgo
Jalisco,Cañadas de Obregón
Jalisco,Yahualica de González Gallo
Jalisco,Zacoalco de Torres
Jalisco,Zapopan
Jalisco,Zapotiltic
Jalisco,Zapotitlán de Vadillo
Jalisco,Zapotlán del Rey
Jalisco,Zapotlanejo
Jalisco,San Ignacio Cerro Gordo
México,Acambay de Ruíz Castañeda
México,Acolman
México,Aculco
México,Almoloya de Alquisiras
México,Almoloya de Juárez
México,Almoloya del Río
México,Amanalco
México,Amatepec
México,Amecameca
México,Apaxco
México,Atenco
México,Atizapán
México,Atizapán de Zaragoza
México,Atlacomulco
México,Atlautla
México,Axapusco
México,Ayapango
México,Calimaya
México,Capulhuac
México,Coacalco de Berriozábal
México,Coatepec Harinas
México,Cocotitlán
México,Coyotepec
México,Cuautitlán
México,Chalco
México,Chapa de Mota
México,Chapultepec
México,Chiautla
México,Chicoloapan
México,Chiconcuac
México,Chimalhuacán
México,Donato Guerra
México,Ecatepec de Morelos
México,Ecatzingo
México,Huehuetoca
México,Hueypoxtla
México,Huixquilucan
México,Isidro Fabela
México,Ixtapaluca
México,Ixtapan de la Sal
México,Ixtapan del Oro
México,Ixtlahuaca
México,Xalatlaco
México,Jaltenco
México,Jilotepec
México,Jilotzingo
México,Jiquipilco
México,Jocotitlán
México,Joquicingo
México,Juchitepec
México,Lerma
México,Malinalco
México,Melchor Ocampo
México,Mexicaltzingo
México,Naucalpan de Juárez
México,Nezahualcóyotl
México,Nextlalpan
México,Nicolás Romero
México,Nopaltepec
México,Ocoyoacac
México,Ocuilan
México,Otumba
México,Otzoloapan
México,Otzolotepec
México,Ozumba
México,Papalotla
México,Polotitlán
México,San Antonio la Isla
México,San Felipe del Progreso
México,San Martín de las Pirámides
México,San Mateo Atenco
México,San Simón de Guerrero
México,Santo Tomás
México,Soyaniquilpan de Juárez
México,Sultepec
México,Tecámac
México,Tejupilco
México,Temamatla
México,Temascalapa
México,Temascalcingo
México,Temascaltepec
México,Temoaya
México,Tenancingo
México,Tenango del Aire
México,Tenango del Valle
México,Teoloyucan
México,Teotihuacán
México,Tepetlaoxtoc
México,Tepetlixpa
México,Tepotzotlán
México,Tequixquiac
México,Texcaltitlán
México,Texcalyacac
México,Texcoco
México,Tezoyuca
México,Tianguistenco
México,Timilpan
México,Tlalmanalco
México,Tlalnepantla de Baz
México,Tlatlaya
México,Toluca
México,Tonatico
México,Tultepec
México,Tultitlán
México,Valle de Bravo
México,Villa de Allende
México,Villa del Carbón
México,Villa Victoria
México,Xonacatlán
México,Zacazonapan
México,Zacualpan
México,Zinacantepec
México,Zumpahuacán
México,Zumpango
México,Cuautitlán Izcalli
México,Valle de Chalco Solidaridad
México,Luvianos
México,San José del Rincón
México,Tonanitla
Michoacán,Acuitzio
Michoacán,Aguililla
Michoacán,Angamacutiro
Michoacán,Angangueo
Michoacán,Apatzingán
Michoacán,Aporo
Michoacán,Aquila
Michoacán,Ario
Michoacán,Briseñas
Michoacán,Buenavista
Michoacán,Carácuaro
Michoacán,Coahuayana
Michoacán,Coalcomán de Vázquez Pallares
Michoacán,Coeneo
Michoacán,Contepec
Michoacán,Copándaro
Michoacán,Cotija
Michoacán,Cuitzeo
Michoacán,Charapan
Michoacán,Charo
Michoacán,Chavinda
Michoacán,Cherán
Michoacán,Chilchota
Michoacán,Chinicuila
Michoacán,Chucándiro
Michoacán,Churintzio
Michoacán,Churumuco
Michoacán,Ecuandureo
Michoacán,Epitacio Huerta
Michoacán,Erongarícuaro
Michoacán,Gabriel Zamora
Michoacán,La Huacana
Michoacán,Huandacareo
Michoacán,Huaniqueo
Michoacán,Huetamo
Michoacán,Huiramba
Michoacán,Indaparapeo
Michoacán,Irimbo
Michoacán,Ixtlán
Michoacán,Jacona
Michoacán,Jiquilpan
Michoacán,Jungapeo
Michoacán,Lagunillas
Michoacán,Madero
Michoacán,Maravatío
Michoacán,Marcos Castellanos
Michoacán,Lázaro Cárdenas
Michoacán,Morelia
Michoacán,Múgica
Michoacán,Nahuatzen
Michoacán,Nocupétaro
Michoacán,Nuevo Parangaricutiro
Michoacán,Nuevo Urecho
Michoacán,Numarán
Michoacán,Pajacuarán
Michoacán,Panindícuaro
Michoacán,Parácuaro
Michoacán,Paracho
Michoacán,Pátzcuaro
Michoacán,Penjamillo
Michoacán,Peribán
Michoacán,La Piedad
Michoacán,Purépero
Michoacán,Puruándiro
Michoacán,Queréndaro
Michoacán,Quiroga
Michoacán,Cojumatlán de Régules
Michoacán,Los Reyes
Michoacán,Sahuayo
Michoacán,Santa Ana Maya
Michoacán,Salvador Escalante
Michoacán,Senguio
Michoacán,Susupuato
Michoacán,Tacámbaro
Michoacán,Tancítaro
Michoacán,Tangamandapio
Michoacán,Tangancícuaro
Michoacán,Tanhuato
Michoacán,Taretan
Michoacán,Tarímbaro
Michoacán,Tepalcatepec
Michoacán,Tingambato
Michoacán,Tingüindín
Michoacán,Tiquicheo de Nicolás Romero
Michoacán,Tlalpujahua
Michoacán,Tlazazalca
Michoacán,Tocumbo
Michoacán,Tumbiscatío
Michoacán,Turicato
Michoacán,Tuzantla
Michoacán,Tzintzuntzan
Michoacán,Tzitzio
Michoacán,Uruapan
Michoacán,Villamar
Michoacán,Vista Hermosa
Michoacán,Yurécuaro
Michoacán,Zacapu
Michoacán,Zamora
Michoacán,Zináparo
Michoacán,Zinapécuaro
Michoacán,Ziracuaretiro
Michoacán,Zitácuaro
Michoacán,José Sixto Verduzco
Morelos,Amacuzac
Morelos,Atlatlahucan
Morelos,Axochiapan
Morelos,Ayala
Morelos,Coatlán del Río
Morelos,Cuernavaca
Morelos,Huitzilac
Morelos,Jantetelco
Morelos,Jiutepec
Morelos,Jojutla
Morelos,Jonacatepec de Leandro Valle
Morelos,Mazatepec
Morelos,Miacatlán
Morelos,Ocuituco
Morelos,Puente de Ixtla
Morelos,Temixco
Morelos,Tepalcingo
Morelos,Tepoztlán
Morelos,Tetecala
Morelos,Tetela del Volcán
Morelos,Tlalnepantla
Morelos,Tlaltizapán de Zapata
Morelos,Tlaquiltenango
Morelos,Tlayacapan
Morelos,Totolapan
Morelos,Xochitepec
Morelos,Yautepec
Morelos,Yecapixtla
Morelos,Zacatepec
Morelos,Zacualpan de Amilpas
Morelos,Temoac
Morelos,Coatetelco
Morelos,Xoxocotla
Morelos,Hueyapan
Nayarit,Acaponeta
Nayarit,Ahuacatlán
Nayarit,Amatlán de Cañas
Nayarit,Compostela
Nayarit,Huajicori
Nayarit,Ixtlán del Río
Nayarit,Jala
Nayarit,Xalisco
Nayarit,Del Nayar
Nayarit,Rosamorada
Nayarit,Ruíz
Nayarit,San Blas
Nayarit,San Pedro Lagunillas
Nayarit,Santiago Ixcuintla
Nayarit,Tecuala
Nayarit,Tepic
Nayarit,La Yesca
Nayarit,Bahía de Banderas
Nuevo León,Agualeguas
Nuevo León,Los Aldamas
Nuevo León,Anáhuac
Nuevo León,Apodaca
Nuevo León,Aramberri
Nuevo León,Bustamante
Nuevo León,Cadereyta Jiménez
Nuevo León,El Carmen
Nuevo León,Cerralvo
Nuevo León,Ciénega de Flores
Nuevo León,China
Nuevo León,Doctor Arroyo
Nuevo León,Doctor Coss
Nuevo León,Doctor González
Nuevo León,García
Nuevo León,San Pedro Garza García
Nuevo León,General Bravo
Nuevo León,General Escobedo
Nuevo León,General Terán
Nuevo León,General Treviño
Nuevo León,General Zaragoza
Nuevo León,General Zuazua
Nuevo León,Los Herreras
Nuevo León,Higueras
Nuevo León,Hualahuises
Nuevo León,Iturbide
Nuevo León,Lampazos de Naranjo
Nuevo León,Linares
Nuevo León,Marín
Nuevo León,Mier y Noriega
Nuevo León,Mina
Nuevo León,Montemorelos
Nuevo León,Monterrey
Nuevo León,Parás
Nuevo León,Pesquería
Nuevo León,Los Ramones
Nuevo León,Rayones
Nuevo León,Sabinas Hidalgo
Nuevo León,Salinas Victoria
Nuevo León,San Nicolás de los Garza
Nuevo León,Santiago
Nuevo León,Vallecillo
Nuevo León,Villaldama
Oaxaca,Abejones
Oaxaca,Acatlán de Pérez Figueroa
Oaxaca,Asunción Cacalotepec
Oaxaca,Asunción Cuyotepeji
Oaxaca,Asunción Ixtaltepec
Oaxaca,Asunción Nochixtlán
Oaxaca,Asunción Ocotlán
Oaxaca,Asunción Tlacolulita
Oaxaca,Ayotzintepec
Oaxaca,El Barrio de la Soledad
Oaxaca,Calihualá
Oaxaca,Candelaria Loxicha
Oaxaca,Ciénega de Zimatlán
Oaxaca,Ciudad Ixtepec
Oaxaca,Coatecas Altas
Oaxaca,Coicoyán de las Flores
Oaxaca,La Compañía
Oaxaca,Concepción Buenavista
Oaxaca,Concepción Pápalo
Oaxaca,Constancia del Rosario
Oaxaca,Cosolapa
Oaxaca,Cosoltepec
Oaxaca,Cuilápam de Guerrero
Oaxaca,Cuyamecalco Villa de Zaragoza
Oaxaca,Chahuites
Oaxaca,Chalcatongo de Hidalgo
Oaxaca,Chiquihuitlán de Benito Juárez
Oaxaca,Heroica Ciudad de Ejutla de Crespo
Oaxaca,Eloxochitlán de Flores Magón
Oaxaca,El Espinal
Oaxaca,Tamazulápam del Espíritu Santo
Oaxaca,Fresnillo de Trujano
Oaxaca,Guadalupe Etla
Oaxaca,Guadalupe de Ramírez
Oaxaca,Guelatao de Juárez
Oaxaca,Guevea de Humboldt
Oaxaca,Mesones Hidalgo
Oaxaca,Heroica Ciudad de Huajuapan de León
Oaxaca,Huautepec
Oaxaca,Huautla de Jiménez
Oaxaca,Ixtlán de Juárez
Oaxaca,Juchitán de Zaragoza
Oaxaca,Loma Bonita
Oaxaca,Magdalena Apasco
Oaxaca,Magdalena Jaltepec
Oaxaca,Santa Magdalena Jicotlán
Oaxaca,Magdalena Mixtepec
Oaxaca,Magdalena Ocotlán
Oaxaca,Magdalena Peñasco
Oaxaca,Magdalena Teitipac
Oaxaca,Magdalena Tequisistlán
Oaxaca,Magdalena Tlacotepec
Oaxaca,Magdalena Zahuatlán
Oaxaca,Mariscala de Juárez
Oaxaca,Mártires de Tacubaya
Oaxaca,Matías Romero Avendaño
Oaxaca,Mazatlán Villa de Flores
Oaxaca,Miahuatlán de Porfirio Díaz
Oaxaca,Mixistlán de la Reforma
Oaxaca,Monjas
Oaxaca,Natividad
Oaxaca,Nazareno Etla
Oaxaca,Nejapa de Madero
Oaxaca,Ixpantepec Nieves
Oaxaca,Santiago Niltepec
Oaxaca,Oaxaca de Juárez
Oaxaca,Ocotlán de Morelos
Oaxaca,La Pe
Oaxaca,Pinotepa de Don Luis
Oaxaca,Pluma Hidalgo
Oaxaca,San José del Progreso
Oaxaca,Putla Villa de Guerrero
Oaxaca,Santa Catarina Quioquitani
Oaxaca,Reforma de Pineda
Oaxaca,La Reforma
Oaxaca,Reyes Etla
Oaxaca,Rojas de Cuauhtémoc
Oaxaca,Salina Cruz
Oaxaca,San Agustín Amatengo
Oaxaca,San Agustín Atenango
Oaxaca,San Agustín Chayuco
Oaxaca,San Agustín de las Juntas
Oaxaca,San Agustín Etla
Oaxaca,San Agustín Loxicha
Oaxaca,San Agustín Tlacotepec
Oaxaca,San Agustín Yatareni
Oaxaca,San Andrés Cabecera Nueva
Oaxaca,San Andrés Dinicuiti
Oaxaca,San Andrés Huaxpaltepec
Oaxaca,San Andrés Huayápam
Oaxaca,San Andrés Ixtlahuaca
Oaxaca,San Andrés Lagunas
Oaxaca,San Andrés Nuxiño
Oaxaca,San Andrés Paxtlán
Oaxaca,San Andrés Sinaxtla
Oaxaca,San Andrés Solaga
Oaxaca,San Andrés Teotilálpam
Oaxaca,San Andrés Tepetlapa
Oaxaca,San Andrés Yaá
Oaxaca,San Andrés Zabache
Oaxaca,San Andrés Zautla
Oaxaca,San Antonino Castillo Velasco
Oaxaca,San Antonino el Alto
Oaxaca,San Antonino Monte Verde
Oaxaca,San Antonio Acutla
Oaxaca,San Antonio de la Cal
Oaxaca,San Antonio Huitepec
Oaxaca,San Antonio Nanahuatípam
Oaxaca,San Antonio Sinicahua
Oaxaca,San Antonio Tepetlapa
Oaxaca,San Baltazar Chichicápam
Oaxaca,San Baltazar Loxicha
Oaxaca,San Baltazar Yatzachi el Bajo
Oaxaca,San Bartolo Coyotepec
Oaxaca,San Bartolomé Ayautla
Oaxaca,San Bartolomé Loxicha
Oaxaca,San Bartolomé Quialana
Oaxaca,San Bartolomé Yucuañe
Oaxaca,San Bartolomé Zoogocho
Oaxaca,San Bartolo Soyaltepec
Oaxaca,San Bartolo Yautepec
Oaxaca,San Bernardo Mixtepec
Oaxaca,San Blas Atempa
Oaxaca,San Carlos Yautepec
Oaxaca,San Cristóbal Amatlán
Oaxaca,San Cristóbal Amoltepec
Oaxaca,San Cristóbal Lachirioag
Oaxaca,San Cristóbal Suchixtlahuaca
Oaxaca,San Dionisio del Mar
Oaxaca,San Dionisio Ocotepec
Oaxaca,San Dionisio Ocotlán
Oaxaca,San Esteban Atatlahuca
Oaxaca,San Felipe Jalapa de Díaz
Oaxaca,San Felipe Tejalápam
Oaxaca,San Felipe Usila
Oaxaca,San Francisco Cahuacuá
Oaxaca,San Francisco Cajonos
Oaxaca,San Francisco Chapulapa
Oaxaca,San Francisco Chindúa
Oaxaca,San Francisco del Mar
Oaxaca,San Francisco Huehuetlán
Oaxaca,San Francisco Ixhuatán
Oaxaca,San Francisco Jaltepetongo
Oaxaca,San Francisco Lachigoló
Oaxaca,San Francisco Logueche
Oaxaca,San Francisco Nuxaño
Oaxaca,San Francisco Ozolotepec
Oaxaca,San Francisco Sola
Oaxaca,San Francisco Telixtlahuaca
Oaxaca,San Francisco Teopan
Oaxaca,San Francisco Tlapancingo
Oaxaca,San Gabriel Mixtepec
Oaxaca,San Ildefonso Amatlán
Oaxaca,San Ildefonso Sola
Oaxaca,San Ildefonso Villa Alta
Oaxaca,San Jacinto Amilpas
Oaxaca,San Jacinto Tlacotepec
Oaxaca,San Jerónimo Coatlán
Oaxaca,San Jerónimo Silacayoapilla
Oaxaca,San Jerónimo Sosola
Oaxaca,San Jerónimo Taviche
Oaxaca,San Jerónimo Tecóatl
Oaxaca,San Jorge Nuchita
Oaxaca,San José Ayuquila
Oaxaca,San José Chiltepec
Oaxaca,San José del Peñasco
Oaxaca,San José Estancia Grande
Oaxaca,San José Independencia
Oaxaca,San José Lachiguiri
Oaxaca,San José Tenango
Oaxaca,San Juan Achiutla
Oaxaca,San Juan Atepec
Oaxaca,Ánimas Trujano
Oaxaca,San Juan Bautista Atatlahuca
Oaxaca,San Juan Bautista Coixtlahuaca
Oaxaca,San Juan Bautista Cuicatlán
Oaxaca,San Juan Bautista Guelache
Oaxaca,San Juan Bautista Jayacatlán
Oaxaca,San Juan Bautista Lo de Soto
Oaxaca,San Juan Bautista Suchitepec
Oaxaca,San Juan Bautista Tlacoatzintepec
Oaxaca,San Juan Bautista Tlachichilco
Oaxaca,San Juan Bautista Tuxtepec
Oaxaca,San Juan Cacahuatepec
Oaxaca,San Juan Cieneguilla
Oaxaca,San Juan Coatzóspam
Oaxaca,San Juan Colorado
Oaxaca,San Juan Comaltepec
Oaxaca,San Juan Cotzocón
Oaxaca,San Juan Chicomezúchil
Oaxaca,San Juan Chilateca
Oaxaca,San Juan del Estado
Oaxaca,San Juan Diuxi
Oaxaca,San Juan Evangelista Analco
Oaxaca,San Juan Guelavía
Oaxaca,San Juan Guichicovi
Oaxaca,San Juan Ihualtepec
Oaxaca,San Juan Juquila Mixes
Oaxaca,San Juan Juquila Vijanos
Oaxaca,San Juan Lachao
Oaxaca,San Juan Lachigalla
Oaxaca,San Juan Lajarcia
Oaxaca,San Juan Lalana
Oaxaca,San Juan de los Cués
Oaxaca,San Juan Mazatlán
Oaxaca,San Juan Mixtepec
Oaxaca,San Juan Ñumí
Oaxaca,San Juan Ozolotepec
Oaxaca,San Juan Petlapa
Oaxaca,San Juan Quiahije
Oaxaca,San Juan Quiotepec
Oaxaca,San Juan Sayultepec
Oaxaca,San Juan Tabaá
Oaxaca,San Juan Tamazola
Oaxaca,San Juan Teita
Oaxaca,San Juan Teitipac
Oaxaca,San Juan Tepeuxila
Oaxaca,San Juan Teposcolula
Oaxaca,San Juan Yaeé
Oaxaca,San Juan Yatzona
Oaxaca,San Juan Yucuita
Oaxaca,San Lorenzo
Oaxaca,San Lorenzo Albarradas
Oaxaca,San Lorenzo Cacaotepec
Oaxaca,San Lorenzo Cuaunecuiltitla
Oaxaca,San Lorenzo Texmelúcan
Oaxaca,San Lorenzo Victoria
Oaxaca,San Lucas Camotlán
Oaxaca,San Lucas Ojitlán
Oaxaca,San Lucas Quiaviní
Oaxaca,San Lucas Zoquiápam
Oaxaca,San Luis Amatlán
Oaxaca,San Marcial Ozolotepec
Oaxaca,San Marcos Arteaga
Oaxaca,San Martín de los Cansecos
Oaxaca,San Martín Huamelúlpam
Oaxaca,San Martín Itunyoso
Oaxaca,San Martín Lachilá
Oaxaca,San Martín Peras
Oaxaca,San Martín Tilcajete
Oaxaca,San Martín Toxpalan
Oaxaca,San Martín Zacatepec
Oaxaca,San Mateo Cajonos
Oaxaca,Capulálpam de Méndez
Oaxaca,San Mateo del Mar
Oaxaca,San Mateo Yoloxochitlán
Oaxaca,San Mateo Etlatongo
Oaxaca,San Mateo Nejápam
Oaxaca,San Mateo Peñasco
Oaxaca,San Mateo Piñas
Oaxaca,San Mateo Río Hondo
Oaxaca,San Mateo Sindihui
Oaxaca,San Mateo Tlapiltepec
Oaxaca,San Melchor Betaza
Oaxaca,San Miguel Achiutla
Oaxaca,San Miguel Ahuehuetitlán
Oaxaca,San Miguel Aloápam
Oaxaca,San Miguel Amatitlán
Oaxaca,San Miguel Amatlán
Oaxaca,San Miguel Coatlán
Oaxaca,San Miguel Chicahua
Oaxaca,San Miguel Chimalapa
Oaxaca,San Miguel del Puerto
Oaxaca,San Miguel del Río
Oaxaca,San Miguel Ejutla
Oaxaca,San Miguel el Grande
Oaxaca,San Miguel Huautla
Oaxaca,San Miguel Mixtepec
Oaxaca,San Miguel Panixtlahuaca
Oaxaca,San Miguel Peras
Oaxaca,San Miguel Piedras
Oaxaca,San Miguel Quetzaltepec
Oaxaca,San Miguel Santa Flor
Oaxaca,Villa Sola de Vega
Oaxaca,San Miguel Soyaltepec
Oaxaca,San Miguel Suchixtepec
Oaxaca,Villa Talea de Castro
Oaxaca,San Miguel Tecomatlán
Oaxaca,San Miguel Tenango
Oaxaca,San Miguel Tequixtepec
Oaxaca,San Miguel Tilquiápam
Oaxaca,San Miguel Tlacamama
Oaxaca,San Miguel Tlacotepec
Oaxaca,San Miguel Tulancingo
Oaxaca,San Miguel Yotao
Oaxaca,San Nicolás Hidalgo
Oaxaca,San Pablo Coatlán
Oaxaca,San Pablo Cuatro Venados
Oaxaca,San Pablo Etla
Oaxaca,San Pablo Huitzo
Oaxaca,San Pablo Huixtepec
Oaxaca,San Pablo Macuiltianguis
Oaxaca,San Pablo Tijaltepec
Oaxaca,San Pablo Villa de Mitla
Oaxaca,San Pablo Yaganiza
Oaxaca,San Pedro Amuzgos
Oaxaca,San Pedro Apóstol
Oaxaca,San Pedro Atoyac
Oaxaca,San Pedro Cajonos
Oaxaca,San Pedro Coxcaltepec Cántaros
Oaxaca,San Pedro Comitancillo
Oaxaca,San Pedro el Alto
Oaxaca,San Pedro Huamelula
Oaxaca,San Pedro Huilotepec
Oaxaca,San Pedro Ixcatlán
Oaxaca,San Pedro Ixtlahuaca
Oaxaca,San Pedro Jaltepetongo
Oaxaca,San Pedro Jicayán
Oaxaca,San Pedro Jocotipac
Oaxaca,San Pedro Juchatengo
Oaxaca,San Pedro Mártir
Oaxaca,San Pedro Mártir Quiechapa
Oaxaca,San Pedro Mártir Yucuxaco
Oaxaca,San Pedro Mixtepec
Oaxaca,San Pedro Molinos
Oaxaca,San Pedro Nopala
Oaxaca,San Pedro Ocopetatillo
Oaxaca,San Pedro Ocotepec
Oaxaca,San Pedro Pochutla
Oaxaca,San Pedro Quiatoni
Oaxaca,San Pedro Sochiápam
Oaxaca,San Pedro Tapanatepec
Oaxaca,San Pedro Taviche
Oaxaca,San Pedro Teozacoalco
Oaxaca,San Pedro Teutila
Oaxaca,San Pedro Tidaá
Oaxaca,San Pedro Topiltepec
Oaxaca,San Pedro Totolápam
Oaxaca,Villa de Tututepec
Oaxaca,San Pedro Yaneri
Oaxaca,San Pedro Yólox
Oaxaca,San Pedro y San Pablo Ayutla
Oaxaca,Villa de Etla
Oaxaca,San Pedro y San Pablo Teposcolula
Oaxaca,San Pedro y San Pablo Tequixtepec
Oaxaca,San Pedro Yucunama
Oaxaca,San Raymundo Jalpan
Oaxaca,San Sebastián Abasolo
Oaxaca,San Sebastián Coatlán
Oaxaca,San Sebastián Ixcapa
Oaxaca,San Sebastián Nicananduta
Oaxaca,San Sebastián Río Hondo
Oaxaca,San Sebastián Tecomaxtlahuaca
Oaxaca,San Sebastián Teitipac
Oaxaca,San Sebastián Tutla
Oaxaca,San Simón Almolongas
Oaxaca,San Simón Zahuatlán
Oaxaca,Santa Ana
Oaxaca,Santa Ana Ateixtlahuaca
Oaxaca,Santa Ana Cuauhtémoc
Oaxaca,Santa Ana del Valle
Oaxaca,Santa Ana Tavela
Oaxaca,Santa Ana Tlapacoyan
Oaxaca,Santa Ana Yareni
Oaxaca,Santa Ana Zegache
Oaxaca,Santa Catalina Quierí
Oaxaca,Santa Catarina Cuixtla
Oaxaca,Santa Catarina Ixtepeji
Oaxaca,Santa Catarina Juquila
Oaxaca,Santa Catarina Lachatao
Oaxaca,Santa Catarina Loxicha
Oaxaca,Santa Catarina Mechoacán
Oaxaca,Santa Catarina Minas
Oaxaca,Santa Catarina Quiané
Oaxaca,Santa Catarina Tayata
Oaxaca,Santa Catarina Ticuá
Oaxaca,Santa Catarina Yosonotú
Oaxaca,Santa Catarina Zapoquila
Oaxaca,Santa Cruz Acatepec
Oaxaca,Santa Cruz Amilpas
Oaxaca,Santa Cruz de Bravo
Oaxaca,Santa Cruz Itundujia
Oaxaca,Santa Cruz Mixtepec
Oaxaca,Santa Cruz Nundaco
Oaxaca,Santa Cruz Papalutla
Oaxaca,Santa Cruz Tacache de Mina
Oaxaca,Santa Cruz Tacahua
Oaxaca,Santa Cruz Tayata
Oaxaca,Santa Cruz Xitla
Oaxaca,Santa Cruz Xoxocotlán
Oaxaca,Santa Cruz Zenzontepec
Oaxaca,Santa Gertrudis
Oaxaca,Santa Inés del Monte
Oaxaca,Santa Inés Yatzeche
Oaxaca,Santa Lucía del Camino
Oaxaca,Santa Lucía Miahuatlán
Oaxaca,Santa Lucía Monteverde
Oaxaca,Santa Lucía Ocotlán
Oaxaca,Santa María Alotepec
Oaxaca,Santa María Apazco
Oaxaca,Santa María la Asunción
Oaxaca,Heroica Ciudad de Tlaxiaco
Oaxaca,Ayoquezco de Aldama
Oaxaca,Santa María Atzompa
Oaxaca,Santa María Camotlán
Oaxaca,Santa María Colotepec
Oaxaca,Santa María Cortijo
Oaxaca,Santa María Coyotepec
Oaxaca,Santa María Chachoápam
Oaxaca,Villa de Chilapa de Díaz
Oaxaca,Santa María Chilchotla
Oaxaca,Santa María Chimalapa
Oaxaca,Santa María del Rosario
Oaxaca,Santa María del Tule
Oaxaca,Santa María Ecatepec
Oaxaca,Santa María Guelacé
Oaxaca,Santa María Guienagati
Oaxaca,Santa María Huatulco
Oaxaca,Santa María Huazolotitlán
Oaxaca,Santa María Ipalapa
Oaxaca,Santa María Ixcatlán
Oaxaca,Santa María Jacatepec
Oaxaca,Santa María Jalapa del Marqués
Oaxaca,Santa María Jaltianguis
Oaxaca,Santa María Lachixío
Oaxaca,Santa María Mixtequilla
Oaxaca,Santa María Nativitas
Oaxaca,Santa María Nduayaco
Oaxaca,Santa María Ozolotepec
Oaxaca,Santa María Pápalo
Oaxaca,Santa María Peñoles
Oaxaca,Santa María Petapa
Oaxaca,Santa María Quiegolani
Oaxaca,Santa María Sola
Oaxaca,Santa María Tataltepec
Oaxaca,Santa María Tecomavaca
Oaxaca,Santa María Temaxcalapa
Oaxaca,Santa María Temaxcaltepec
Oaxaca,Santa María Teopoxco
Oaxaca,Santa María Tepantlali
Oaxaca,Santa María Texcatitlán
Oaxaca,Santa María Tlahuitoltepec
Oaxaca,Santa María Tlalixtac
Oaxaca,Santa María Tonameca
Oaxaca,Santa María Totolapilla
Oaxaca,Santa María Xadani
Oaxaca,Santa María Yalina
Oaxaca,Santa María Yavesía
Oaxaca,Santa María Yolotepec
Oaxaca,Santa María Yosoyúa
Oaxaca,Santa María Yucuhiti
Oaxaca,Santa María Zacatepec
Oaxaca,Santa María Zaniza
Oaxaca,Santa María Zoquitlán
Oaxaca,Santiago Amoltepec
Oaxaca,Santiago Apoala
Oaxaca,Santiago Apóstol
Oaxaca,Santiago Astata
Oaxaca,Santiago Atitlán
Oaxaca,Santiago Ayuquililla
Oaxaca,Santiago Cacaloxtepec
Oaxaca,Santiago Camotlán
Oaxaca,Santiago Comaltepec
Oaxaca,Villa de Santiago Chazumba
Oaxaca,Santiago Choápam
Oaxaca,Santiago del Río
Oaxaca,Santiago Huajolotitlán
Oaxaca,Santiago Huauclilla
Oaxaca,Santiago Ihuitlán Plumas
Oaxaca,Santiago Ixcuintepec
Oaxaca,Santiago Ixtayutla
Oaxaca,Santiago Jamiltepec
Oaxaca,Santiago Jocotepec
Oaxaca,Santiago Juxtlahuaca
Oaxaca,Santiago Lachiguiri
Oaxaca,Santiago Lalopa
Oaxaca,Santiago Laollaga
Oaxaca,Santiago Laxopa
Oaxaca,Santiago Llano Grande
Oaxaca,Santiago Matatlán
Oaxaca,Santiago Miltepec
Oaxaca,Santiago Minas
Oaxaca,Santiago Nacaltepec
Oaxaca,Santiago Nejapilla
Oaxaca,Santiago Nundiche
Oaxaca,Santiago Nuyoó
Oaxaca,Santiago Pinotepa Nacional
Oaxaca,Santiago Suchilquitongo
Oaxaca,Santiago Tamazola
Oaxaca,Santiago Tapextla
Oaxaca,Villa Tejúpam de la Unión
Oaxaca,Santiago Tenango
Oaxaca,Santiago Tepetlapa
Oaxaca,Santiago Tetepec
Oaxaca,Santiago Texcalcingo
Oaxaca,Santiago Textitlán
Oaxaca,Santiago Tilantongo
Oaxaca,Santiago Tillo
Oaxaca,Santiago Tlazoyaltepec
Oaxaca,Santiago Xanica
Oaxaca,Santiago Xiacuí
Oaxaca,Santiago Yaitepec
Oaxaca,Santiago Yaveo
Oaxaca,Santiago Yolomécatl
Oaxaca,Santiago Yosondúa
Oaxaca,Santiago Yucuyachi
Oaxaca,Santiago Zacatepec
Oaxaca,Santiago Zoochila
Oaxaca,Nuevo Zoquiápam
Oaxaca,Santo Domingo Ingenio
Oaxaca,Santo Domingo Albarradas
Oaxaca,Santo Domingo Armenta
Oaxaca,Santo Domingo Chihuitán
Oaxaca,Santo Domingo de Morelos
Oaxaca,Santo Domingo Ixcatlán
Oaxaca,Santo Domingo Nuxaá
Oaxaca,Santo Domingo Ozolotepec
Oaxaca,Santo Domingo Petapa
Oaxaca,Santo Domingo Roayaga
Oaxaca,Santo Domingo Tehuantepec
Oaxaca,Santo Domingo Teojomulco
Oaxaca,Santo Domingo Tepuxtepec
Oaxaca,Santo Domingo Tlatayápam
Oaxaca,Santo Domingo Tomaltepec
Oaxaca,Santo Domingo Tonalá
Oaxaca,Santo Domingo Tonaltepec
Oaxaca,Santo Domingo Xagacía
Oaxaca,Santo Domingo Yanhuitlán
Oaxaca,Santo Domingo Yodohino
Oaxaca,Santo Domingo Zanatepec
Oaxaca,Santos Reyes Nopala
Oaxaca,Santos Reyes Pápalo
Oaxaca,Santos Reyes Tepejillo
Oaxaca,Santos Reyes Yucuná
Oaxaca,Santo Tomás Jalieza
Oaxaca,Santo Tomás Mazaltepec
Oaxaca,Santo Tomás Ocotepec
Oaxaca,Santo Tomás Tamazulapan
Oaxaca,San Vicente Coatlán
Oaxaca,San Vicente Lachixío
Oaxaca,San Vicente Nuñú
Oaxaca,Silacayoápam
Oaxaca,Sitio de Xitlapehua
Oaxaca,Soledad Etla
Oaxaca,Villa de Tamazulápam del Progreso
Oaxaca,Tanetze de Zaragoza
Oaxaca,Taniche
Oaxaca,Tataltepec de Valdés
Oaxaca,Teococuilco de Marcos Pérez
Oaxaca,Teotitlán de Flores Magón
Oaxaca,Teotitlán del Valle
Oaxaca,Teotongo
Oaxaca,Tepelmeme Villa de Morelos
Oaxaca,"Heroica Villa Tezoatlán de Segura y Luna, Cuna de la Independencia de Oaxaca"
Oaxaca,San Jerónimo Tlacochahuaya
Oaxaca,Tlacolula de Matamoros
Oaxaca,Tlacotepec Plumas
Oaxaca,Tlalixtac de Cabrera
Oaxaca,Totontepec Villa de Morelos
Oaxaca,Trinidad Zaachila
Oaxaca,La Trinidad Vista Hermosa
Oaxaca,Unión Hidalgo
Oaxaca,Valerio Trujano
Oaxaca,San Juan Bautista Valle Nacional
Oaxaca,Villa Díaz Ordaz
Oaxaca,Yaxe
Oaxaca,Magdalena Yodocono de Porfirio Díaz
Oaxaca,Yogana
Oaxaca,Yutanduchi de Guerrero
Oaxaca,Villa de Zaachila
Oaxaca,San Mateo Yucutindoo
Oaxaca,Zapotitlán Lagunas
Oaxaca,Zapotitlán Palmas
Oaxaca,Santa Inés de Zaragoza
Oaxaca,Zimatlán de Álvarez
Puebla,Acajete
Puebla,Acateno
Puebla,Acatzingo
Puebla,Acteopan
Puebla,Ahuatlán
Puebla,Ahuazotepec
Puebla,Ahuehuetitla
Puebla,Ajalpan
Puebla,Albino Zertuche
Puebla,Aljojuca
Puebla,Altepexi
Puebla,Amixtlán
Puebla,Amozoc
Puebla,Aquixtla
Puebla,Atempan
Puebla,Atexcal
Puebla,Atlixco
Puebla,Atoyatempan
Puebla,Atzala
Puebla,Atzitzihuacán
Puebla,Atzitzintla
Puebla,Axutla
Puebla,Ayotoxco de Guerrero
Puebla,Calpan
Puebla,Caltepec
Puebla,Camocuautla
Puebla,Caxhuacan
Puebla,Coatepec
Puebla,Coatzingo
Puebla,Cohetzala
Puebla,Cohuecan
Puebla,Coronango
Puebla,Coxcatlán
Puebla,Coyomeapan
Puebla,Cuapiaxtla de Madero
Puebla,Cuautempan
Puebla,Cuautinchán
Puebla,Cuautlancingo
Puebla,Cuayuca de Andrade
Puebla,Cuetzalan del Progreso
Puebla,Cuyoaco
Puebla,Chalchicomula de Sesma
Puebla,Chapulco
Puebla,Chiautzingo
Puebla,Chiconcuautla
Puebla,Chichiquila
Puebla,Chietla
Puebla,Chigmecatitlán
Puebla,Chignahuapan
Puebla,Chignautla
Puebla,Chila
Puebla,Chila de la Sal
Puebla,Honey
Puebla,Chilchotla
Puebla,Chinantla
Puebla,Domingo Arenas
Puebla,Epatlán
Puebla,Esperanza
Puebla,Francisco Z. Mena
Puebla,General Felipe Ángeles
Puebla,Hermenegildo Galeana
Puebla,Huaquechula
Puebla,Huatlatlauca
Puebla,Huauchinango
Puebla,Huehuetlán el Chico
Puebla,Huejotzingo
Puebla,Hueytamalco
Puebla,Hueytlalpan
Puebla,Huitzilan de Serdán
Puebla,Huitziltepec
Puebla,Atlequizayan
Puebla,Ixcamilpa de Guerrero
Puebla,Ixcaquixtla
Puebla,Ixtacamaxtitlán
Puebla,Ixtepec
Puebla,Izúcar de Matamoros
Puebla,Jalpan
Puebla,Jolalpan
Puebla,Jonotla
Puebla,Jopala
Puebla,Juan C. Bonilla
Puebla,Juan Galindo
Puebla,Juan N. Méndez
Puebla,Lafragua
Puebla,Libres
Puebla,La Magdalena Tlatlauquitepec
Puebla,Mazapiltepec de Juárez
Puebla,Mixtla
Puebla,Molcaxac
Puebla,Cañada Morelos
Puebla,Naupan
Puebla,Nauzontla
Puebla,Nealtican
Puebla,Nicolás Bravo
Puebla,Nopalucan
Puebla,Ocoyucan
Puebla,Olintla
Puebla,Oriental
Puebla,Pahuatlán
Puebla,Palmar de Bravo
Puebla,Petlalcingo
Puebla,Piaxtla
Puebla,Puebla
Puebla,Quecholac
Puebla,Quimixtlán
Puebla,Rafael Lara Grajales
Puebla,Los Reyes de Juárez
Puebla,San Andrés Cholula
Puebla,San Antonio Cañada
Puebla,San Diego la Mesa Tochimiltzingo
Puebla,San Felipe Teotlalcingo
Puebla,San Felipe Tepatlán
Puebla,San Gabriel Chilac
Puebla,San Gregorio Atzompa
Puebla,San Jerónimo Tecuanipan
Puebla,San Jerónimo Xayacatlán
Puebla,San José Chiapa
Puebla,San José Miahuatlán
Puebla,San Juan Atenco
Puebla,San Juan Atzompa
Puebla,San Martín Texmelucan
Puebla,San Martín Totoltepec
Puebla,San Matías Tlalancaleca
Puebla,San Miguel Ixitlán
Puebla,San Miguel Xoxtla
Puebla,San Nicolás Buenos Aires
Puebla,San Nicolás de los Ranchos
Puebla,San Pablo Anicano
Puebla,San Pedro Cholula
Puebla,San Pedro Yeloixtlahuaca
Puebla,San Salvador el Seco
Puebla,San Salvador el Verde
Puebla,San Salvador Huixcolotla
Puebla,San Sebastián Tlacotepec
Puebla,Santa Catarina Tlaltempan
Puebla,Santa Inés Ahuatempan
Puebla,Santa Isabel Cholula
Puebla,Santiago Miahuatlán
Puebla,Huehuetlán el Grande
Puebla,Santo Tomás Hueyotlipan
Puebla,Soltepec
Puebla,Tecali de Herrera
Puebla,Tecamachalco
Puebla,Tecomatlán
Puebla,Tehuacán
Puebla,Tehuitzingo
Puebla,Tenampulco
Puebla,Teopantlán
Puebla,Teotlalco
Puebla,Tepanco de López
Puebla,Tepango de Rodríguez
Puebla,Tepatlaxco de Hidalgo
Puebla,Tepeaca
Puebla,Tepemaxalco
Puebla,Tepeojuma
Puebla,Tepetzintla
Puebla,Tepexco
Puebla,Tepexi de Rodríguez
Puebla,Tepeyahualco
Puebla,Tepeyahualco de Cuauhtémoc
Puebla,Tetela de Ocampo
Puebla,Teteles de Ávila Castillo
Puebla,Teziutlán
Puebla,Tianguismanalco
Puebla,Tilapa
Puebla,Tlacotepec de Benito Juárez
Puebla,Tlacuilotepec
Puebla,Tlachichuca
Puebla,Tlahuapan
Puebla,Tlaltenango
Puebla,Tlanepantla
Puebla,Tlaola
Puebla,Tlapacoya
Puebla,Tlapanalá
Puebla,Tlatlauquitepec
Puebla,Tlaxco
Puebla,Tochimilco
Puebla,Tochtepec
Puebla,Totoltepec de Guerrero
Puebla,Tulcingo
Puebla,Tuzamapan de Galeana
Puebla,Tzicatlacoyan
Puebla,Xayacatlán de Bravo
Puebla,Xicotepec
Puebla,Xicotlán
Puebla,Xiutetelco
Puebla,Xochiapulco
Puebla,Xochiltepec
Puebla,Xochitlán de Vicente Suárez
Puebla,Xochitlán Todos Santos
Puebla,Yaonáhuac
Puebla,Yehualtepec
Puebla,Zacapala
Puebla,Zacapoaxtla
Puebla,Zacatlán
Puebla,Zapotitlán
Puebla,Zapotitlán de Méndez
Puebla,Zautla
Puebla,Zihuateutla
Puebla,Zinacatepec
Puebla,Zongozotla
Puebla,Zoquiapan
Puebla,Zoquitlán
Querétaro,Amealco de Bonfil
Querétaro,Pinal de Amoles
Querétaro,Arroyo Seco
Querétaro,Cadereyta de Montes
Querétaro,Colón
Querétaro,Corregidora
Querétaro,Ezequiel Montes
Querétaro,Huimilpan
Querétaro,Jalpan de Serra
Querétaro,Landa de Matamoros
Querétaro,El Marqués
Querétaro,Pedro Escobedo
Querétaro,Peñamiller
Querétaro,Querétaro
Querétaro,San Joaquín
Querétaro,Tequisquiapan
Quintana Roo,Cozumel
Quintana Roo,Felipe Carrillo Puerto
Quintana Roo,Isla Mujeres
Quintana Roo,Othón P. Blanco
Quintana Roo,José María Morelos
Quintana Roo,Solidaridad
Quintana Roo,Tulum
Quintana Roo,Bacalar
Quintana Roo,Puerto Morelos
San Luis Potosí,Ahualulco del Sonido 13
San Luis Potosí,Alaquines
San Luis Potosí,Aquismón
San Luis Potosí,Armadillo de los Infante
San Luis Potosí,Cárdenas
San Luis Potosí,Catorce
San Luis Potosí,Cedral
San Luis Potosí,Cerritos
San Luis Potosí,Cerro de San Pedro
San Luis Potosí,Ciudad del Maíz
San Luis Potosí,Ciudad Fernández
San Luis Potosí,Tancanhuitz
San Luis Potosí,Ciudad Valles
San Luis Potosí,Charcas
San Luis Potosí,Ebano
San Luis Potosí,Guadalcázar
San Luis Potosí,Huehuetlán
San Luis Potosí,Matehuala
San Luis Potosí,Mexquitic de Carmona
San Luis Potosí,Moctezuma
San Luis Potosí,Rioverde
San Luis Potosí,Salinas
San Luis Potosí,San Antonio
San Luis Potosí,San Ciro de Acosta
San Luis Potosí,San Luis Potosí
San Luis Potosí,San Martín Chalchicuautla
San Luis Potosí,San Nicolás Tolentino
San Luis Potosí,Santa María del Río
San Luis Potosí,Santo Domingo
San Luis Potosí,San Vicente Tancuayalab
San Luis Potosí,Soledad de Graciano Sánchez
San Luis Potosí,Tamasopo
San Luis Potosí,Tamazunchale
San Luis Potosí,Tampacán
San Luis Potosí,Tampamolón Corona
San Luis Potosí,Tamuín
San Luis Potosí,Tanlajás
San Luis Potosí,Tanquián de Escobedo
San Luis Potosí,Tierra Nueva
San Luis Potosí,Vanegas
San Luis Potosí,Venado
San Luis Potosí,Villa de Arriaga
San Luis Potosí,Villa de Guadalupe
San Luis Potosí,Villa de la Paz
San Luis Potosí,Villa de Ramos
San Luis Potosí,Villa de Reyes
San Luis Potosí,Villa Juárez
San Luis Potosí,Axtla de Terrazas
San Luis Potosí,Xilitla
San Luis Potosí,Villa de Arista
San Luis Potosí,Matlapa
San Luis Potosí,El Naranjo
Sinaloa,Ahome
Sinaloa,Angostura
Sinaloa,Badiraguato
Sinaloa,Concordia
Sinaloa,Cosalá
Sinaloa,Culiacán
Sinaloa,Choix
Sinaloa,Elota
Sinaloa,Escuinapa
Sinaloa,El Fuerte
Sinaloa,Guasave
Sinaloa,Mazatlán
Sinaloa,Mocorito
Sinaloa,Salvador Alvarado
Sinaloa,San Ignacio
Sinaloa,Sinaloa
Sinaloa,Navolato
Sonora,Aconchi
Sonora,Agua Prieta
Sonora,Álamos
Sonora,Altar
Sonora,Arivechi
Sonora,Arizpe
Sonora,Atil
Sonora,Bacadéhuachi
Sonora,Bacanora
Sonora,Bacerac
Sonora,Bacoachi
Sonora,Bácum
Sonora,Banámichi
Sonora,Baviácora
Sonora,Bavispe
Sonora,Benjamín Hill
Sonora,Caborca
Sonora,Cajeme
Sonora,Cananea
Sonora,Carbó
Sonora,La Colorada
Sonora,Cucurpe
Sonora,Cumpas
Sonora,Divisaderos
Sonora,Empalme
Sonora,Etchojoa
Sonora,Fronteras
Sonora,Granados
Sonora,Guaymas
Sonora,Hermosillo
Sonora,Huachinera
Sonora,Huásabas
Sonora,Huatabampo
Sonora,Huépac
Sonora,Imuris
Sonora,Naco
Sonora,Nácori Chico
Sonora,Nacozari de García
Sonora,Navojoa
Sonora,Nogales
Sonora,Ónavas
Sonora,Opodepe
Sonora,Oquitoa
Sonora,Pitiquito
Sonora,Puerto Peñasco
Sonora,Quiriego
Sonora,Sahuaripa
Sonora,San Felipe de Jesús
Sonora,San Javier
Sonora,San Luis Río Colorado
Sonora,San Miguel de Horcasitas
Sonora,San Pedro de la Cueva
Sonora,Santa Cruz
Sonora,Sáric
Sonora,Soyopa
Sonora,Suaqui Grande
Sonora,Tepache
Sonora,Trincheras
Sonora,Tubutama
Sonora,Ures
Sonora,Villa Pesqueira
Sonora,Yécora
Sonora,General Plutarco Elías Calles
Sonora,San Ignacio Río Muerto
Tabasco,Balancán
Tabasco,Centla
Tabasco,Centro
Tabasco,Comalcalco
Tabasco,Cunduacán
Tabasco,Huimanguillo
Tabasco,Jalapa
Tabasco,Jalpa de Méndez
Tabasco,Jonuta
Tabasco,Macuspana
Tabasco,Nacajuca
Tabasco,Paraíso
Tabasco,Tacotalpa
Tabasco,Teapa
Tabasco,Tenosique
Tamaulipas,Altamira
Tamaulipas,Antiguo Morelos
Tamaulipas,Burgos
Tamaulipas,Casas
Tamaulipas,Ciudad Madero
Tamaulipas,Cruillas
Tamaulipas,González
Tamaulipas,Güémez
Tamaulipas,Gustavo Díaz Ordaz
Tamaulipas,Jaumave
Tamaulipas,Llera
Tamaulipas,Mainero
Tamaulipas,El Mante
Tamaulipas,Méndez
Tamaulipas,Mier
Tamaulipas,Miguel Alemán
Tamaulipas,Miquihuana
Tamaulipas,Nuevo Laredo
Tamaulipas,Nuevo Morelos
Tamaulipas,Padilla
Tamaulipas,Palmillas
Tamaulipas,Reynosa
Tamaulipas,Río Bravo
Tamaulipas,San Carlos
Tamaulipas,Soto la Marina
Tamaulipas,Tampico
Tamaulipas,Tula
Tamaulipas,Valle Hermoso
Tamaulipas,Xicoténcatl
Tlaxcala,Amaxac de Guerrero
Tlaxcala,Apetatitlán de Antonio Carvajal
Tlaxcala,Atlangatepec
Tlaxcala,Atltzayanca
Tlaxcala,Apizaco
Tlaxcala,Calpulalpan
Tlaxcala,El Carmen Tequexquitla
Tlaxcala,Cuapiaxtla
Tlaxcala,Cuaxomulco
Tlaxcala,Chiautempan
Tlaxcala,Muñoz de Domingo Arenas
Tlaxcala,Españita
Tlaxcala,Huamantla
Tlaxcala,Hueyotlipan
Tlaxcala,Ixtacuixtla de Mariano Matamoros
Tlaxcala,Ixtenco
Tlaxcala,Mazatecochco de José María Morelos
Tlaxcala,Contla de Juan Cuamatzi
Tlaxcala,Tepetitla de Lardizábal
Tlaxcala,Sanctórum de Lázaro Cárdenas
Tlaxcala,Nanacamilpa de Mariano Arista
Tlaxcala,Acuamanala de Miguel Hidalgo
Tlaxcala,Natívitas
Tlaxcala,Panotla
Tlaxcala,San Pablo del Monte
Tlaxcala,Santa Cruz Tlaxcala
Tlaxcala,Teolocholco
Tlaxcala,Tepeyanco
Tlaxcala,Terrenate
Tlaxcala,Tetla de la Solidaridad
Tlaxcala,Tetlatlahuca
Tlaxcala,Tlaxcala
Tlaxcala,Tocatlán
Tlaxcala,Totolac
Tlaxcala,Ziltlaltépec de Trinidad Sánchez Santos
Tlaxcala,Tzompantepec
Tlaxcala,Xaloztoc
Tlaxcala,Xaltocan
Tlaxcala,Papalotla de Xicohténcatl
Tlaxcala,Xicohtzinco
Tlaxcala,Yauhquemehcan
Tlaxcala,Zacatelco
Tlaxcala,La Magdalena Tlaltelulco
Tlaxcala,San Damián Texóloc
Tlaxcala,San Francisco Tetlanohcan
Tlaxcala,San Jerónimo Zacualpan
Tlaxcala,San José Teacalco
Tlaxcala,San Juan Huactzinco
Tlaxcala,San Lorenzo Axocomanitla
Tlaxcala,San Lucas Tecopilco
Tlaxcala,Santa Ana Nopalucan
Tlaxcala,Santa Apolonia Teacalco
Tlaxcala,Santa Catarina Ayometla
Tlaxcala,Santa Cruz Quilehtla
Tlaxcala,Santa Isabel Xiloxoxtla
Veracruz,Acayucan
Veracruz,Acula
Veracruz,Acultzingo
Veracruz,Camarón de Tejeda
Veracruz,Alpatláhuac
Veracruz,Alto Lucero de Gutiérrez Barrios
Veracruz,Altotonga
Veracruz,Alvarado
Veracruz,Amatitlán
Veracruz,Naranjos Amatlán
Veracruz,Amatlán de los Reyes
Veracruz,Angel R. Cabada
Veracruz,La Antigua
Veracruz,Apazapan
Veracruz,Astacinga
Veracruz,Atlahuilco
Veracruz,Atzacan
Veracruz,Atzalan
Veracruz,Tlaltetela
Veracruz,Ayahualulco
Veracruz,Banderilla
Veracruz,Boca del Río
Veracruz,Calcahualco
Veracruz,Camerino Z. Mendoza
Veracruz,Carrillo Puerto
Veracruz,Catemaco
Veracruz,Cazones de Herrera
Veracruz,Cerro Azul
Veracruz,Citlaltépetl
Veracruz,Coacoatzintla
Veracruz,Coahuitlán
Veracruz,Coatzacoalcos
Veracruz,Coatzintla
Veracruz,Coetzala
Veracruz,Colipa
Veracruz,Comapa
Veracruz,Córdoba
Veracruz,Cosamaloapan de Carpio
Veracruz,Cosautlán de Carvajal
Veracruz,Coscomatepec
Veracruz,Cosoleacaque
Veracruz,Cotaxtla
Veracruz,Coxquihui
Veracruz,Coyutla
Veracruz,Cuichapa
Veracruz,Cuitláhuac
Veracruz,Chacaltianguis
Veracruz,Chalma
Veracruz,Chiconamel
Veracruz,Chiconquiaco
Veracruz,Chicontepec
Veracruz,Chinameca
Veracruz,Chinampa de Gorostiza
Veracruz,Las Choapas
Veracruz,Chocamán
Veracruz,Chontla
Veracruz,Chumatlán
Veracruz,Espinal
Veracruz,Filomeno Mata
Veracruz,Fortín
Veracruz,Gutiérrez Zamora
Veracruz,Hidalgotitlán
Veracruz,Huatusco
Veracruz,Huayacocotla
Veracruz,Hueyapan de Ocampo
Veracruz,Huiloapan de Cuauhtémoc
Veracruz,Ignacio de la Llave
Veracruz,Ilamatlán
Veracruz,Isla
Veracruz,Ixcatepec
Veracruz,Ixhuacán de los Reyes
Veracruz,Ixhuatlán del Café
Veracruz,Ixhuatlancillo
Veracruz,Ixhuatlán del Sureste
Veracruz,Ixhuatlán de Madero
Veracruz,Ixmatlahuacan
Veracruz,Ixtaczoquitlán
Veracruz,Jalacingo
Veracruz,Xalapa
Veracruz,Jalcomulco
Veracruz,Jáltipan
Veracruz,Jamapa
Veracruz,Jesús Carranza
Veracruz,Xico
Veracruz,Juan Rodríguez Clara
Veracruz,Juchique de Ferrer
Veracruz,Landero y Coss
Veracruz,Lerdo de Tejada
Veracruz,Maltrata
Veracruz,Manlio Fabio Altamirano
Veracruz,Mariano Escobedo
Veracruz,Martínez de la Torre
Veracruz,Mecatlán
Veracruz,Mecayapan
Veracruz,Medellín de Bravo
Veracruz,Miahuatlán
Veracruz,Las Minas
Veracruz,Misantla
Veracruz,Mixtla de Altamirano
Veracruz,Moloacán
Veracruz,Naolinco
Veracruz,Naranjal
Veracruz,Nautla
Veracruz,Oluta
Veracruz,Omealca
Veracruz,Orizaba
Veracruz,Otatitlán
Veracruz,Oteapan
Veracruz,Ozuluama de Mascareñas
Veracruz,Pajapan
Veracruz,Pánuco
Veracruz,Papantla
Veracruz,Paso del Macho
Veracruz,Paso de Ovejas
Veracruz,La Perla
Veracruz,Perote
Veracruz,Platón Sánchez
Veracruz,Playa Vicente
Veracruz,Poza Rica de Hidalgo
Veracruz,Las Vigas de Ramírez
Veracruz,Pueblo Viejo
Veracruz,Puente Nacional
Veracruz,Rafael Delgado
Veracruz,Rafael Lucio
Veracruz,Río Blanco
Veracruz,Saltabarranca
Veracruz,San Andrés Tenejapan
Veracruz,San Andrés Tuxtla
Veracruz,San Juan Evangelista
Veracruz,Santiago Tuxtla
Veracruz,Sayula de Alemán
Veracruz,Soconusco
Veracruz,Sochiapa
Veracruz,Soledad Atzompa
Veracruz,Soledad de Doblado
Veracruz,Soteapan
Veracruz,Tamalín
Veracruz,Tamiahua
Veracruz,Tampico Alto
Veracruz,Tancoco
Veracruz,Tantima
Veracruz,Tantoyuca
Veracruz,Tatatila
Veracruz,Castillo de Teayo
Veracruz,Tecolutla
Veracruz,Tehuipango
Veracruz,Álamo Temapache
Veracruz,Tempoal
Veracruz,Tenampa
Veracruz,Tenochtitlán
Veracruz,Teocelo
Veracruz,Tepatlaxco
Veracruz,Tepetlán
Veracruz,José Azueta
Veracruz,Texcatepec
Veracruz,Texhuacán
Veracruz,Texistepec
Veracruz,Tezonapa
Veracruz,Tihuatlán
Veracruz,Tlacojalpan
Veracruz,Tlacolulan
Veracruz,Tlacotalpan
Veracruz,Tlacotepec de Mejía
Veracruz,Tlachichilco
Veracruz,Tlalixcoyan
Veracruz,Tlalnelhuayocan
Veracruz,Tlapacoyan
Veracruz,Tlaquilpa
Veracruz,Tlilapan
Veracruz,Tonayán
Veracruz,Totutla
Veracruz,Tuxtilla
Veracruz,Ursulo Galván
Veracruz,Vega de Alatorre
Veracruz,Veracruz
Veracruz,Villa Aldama
Veracruz,Yanga
Veracruz,Yecuatla
Veracruz,Zentla
Veracruz,Zongolica
Veracruz,Zontecomatlán de López y Fuentes
Veracruz,Zozocolco de Hidalgo
Veracruz,Agua Dulce
Veracruz,El Higo
Veracruz,Nanchital de Lázaro Cárdenas del Río
Veracruz,Tres Valles
Veracruz,Carlos A. Carrillo
Veracruz,Tatahuicapan de Juárez
Veracruz,Uxpanapa
Veracruz,San Rafael
Veracruz,Santiago Sochiapan
Yucatán,Abalá
Yucatán,Acanceh
Yucatán,Akil
Yucatán,Baca
Yucatán,Bokobá
Yucatán,Buctzotz
Yucatán,Cacalchén
Yucatán,Calotmul
Yucatán,Cansahcab
Yucatán,Cantamayec
Yucatán,Celestún
Yucatán,Cenotillo
Yucatán,Conkal
Yucatán,Cuncunul
Yucatán,Cuzamá
Yucatán,Chacsinkín
Yucatán,Chankom
Yucatán,Chapab
Yucatán,Chemax
Yucatán,Chicxulub Pueblo
Yucatán,Chichimilá
Yucatán,Chikindzonot
Yucatán,Chocholá
Yucatán,Chumayel
Yucatán,Dzan
Yucatán,Dzemul
Yucatán,Dzidzantún
Yucatán,Dzilam de Bravo
Yucatán,Dzilam González
Yucatán,Dzitás
Yucatán,Dzoncauich
Yucatán,Espita
Yucatán,Halachó
Yucatán,Hocabá
Yucatán,Hoctún
Yucatán,Homún
Yucatán,Huhí
Yucatán,Hunucmá
Yucatán,Ixil
Yucatán,Izamal
Yucatán,Kanasín
Yucatán,Kantunil
Yucatán,Kaua
Yucatán,Kinchil
Yucatán,Kopomá
Yucatán,Mama
Yucatán,Maní
Yucatán,Maxcanú
Yucatán,Mayapán
Yucatán,Mérida
Yucatán,Mocochá
Yucatán,Motul
Yucatán,Muna
Yucatán,Muxupip
Yucatán,Opichén
Yucatán,Oxkutzcab
Yucatán,Panabá
Yucatán,Peto
Yucatán,Quintana Roo
Yucatán,Río Lagartos
Yucatán,Sacalum
Yucatán,Samahil
Yucatán,Sanahcat
Yucatán,Santa Elena
Yucatán,Seyé
Yucatán,Sinanché
Yucatán,Sotuta
Yucatán,Sucilá
Yucatán,Sudzal
Yucatán,Suma
Yucatán,Tahdziú
Yucatán,Tahmek
Yucatán,Teabo
Yucatán,Tecoh
Yucatán,Tekal de Venegas
Yucatán,Tekantó
Yucatán,Tekax
Yucatán,Tekit
Yucatán,Tekom
Yucatán,Telchac Pueblo
Yucatán,Telchac Puerto
Yucatán,Temax
Yucatán,Temozón
Yucatán,Tepakán
Yucatán,Tetiz
Yucatán,Teya
Yucatán,Ticul
Yucatán,Timucuy
Yucatán,Tinum
Yucatán,Tixcacalcupul
Yucatán,Tixkokob
Yucatán,Tixmehuac
Yucatán,Tixpéhual
Yucatán,Tizimín
Yucatán,Tunkás
Yucatán,Tzucacab
Yucatán,Uayma
Yucatán,Ucú
Yucatán,Umán
Yucatán,Valladolid
Yucatán,Xocchel
Yucatán,Yaxcabá
Yucatán,Yaxkukul
Yucatán,Yobaín
Zacatecas,Apozol
Zacatecas,Apulco
Zacatecas,Atolinga
Zacatecas,Calera
Zacatecas,Cañitas de Felipe Pescador
Zacatecas,Concepción del Oro
Zacatecas,Chalchihuites
Zacatecas,Fresnillo
Zacatecas,Trinidad García de la Cadena
Zacatecas,Genaro Codina
Zacatecas,General Enrique Estrada
Zacatecas,General Francisco R. Murguía
Zacatecas,El Plateado de Joaquín Amaro
Zacatecas,General Pánfilo Natera
Zacatecas,Huanusco
Zacatecas,Jalpa
Zacatecas,Jerez
Zacatecas,Jiménez del Teul
Zacatecas,Juan Aldama
Zacatecas,Juchipila
Zacatecas,Luis Moya
Zacatecas,Mazapil
Zacatecas,Mezquital del Oro
Zacatecas,Miguel Auza
Zacatecas,Momax
Zacatecas,Monte Escobedo
Zacatecas,Moyahua de Estrada
Zacatecas,Nochistlán de Mejía
Zacatecas,Noria de Ángeles
Zacatecas,Ojocaliente
Zacatecas,Pinos
Zacatecas,Río Grande
Zacatecas,Sain Alto
Zacatecas,El Salvador
Zacatecas,Sombrerete
Zacatecas,Susticacán
Zacatecas,Tabasco
Zacatecas,Tepechitlán
Zacatecas,Tepetongo
Zacatecas,Teúl de González Ortega
Zacatecas,Tlaltenango de Sánchez Román
Zacatecas,Valparaíso
Zacatecas,Vetagrande
Zacatecas,Villa de Cos
Zacatecas,Villa García
Zacatecas,Villa González Ortega
Zacatecas,Villanueva
Zacatecas,Zacatecas
Zacatecas,Trancoso
Zacatecas,Santa María de la Paz
